R,N,sigmaM
0.18697928091831784,9225.697201913348,758.5060430500258
-0.11036528001829393,3419.8035363676063,938.9768370857821
0.21958057177741808,19930.30618138631,672.0170081459
0.3236731884137495,778583282.636907,146.03708368832764
0.40062215788859323,3455491948302.9663,157.598345733302
-0.2439731111789204,75490.8551493243,398.5991065710983
0.11596220082339026,11027.572266701303,697.1227150021584
0.11568171493308654,39933.13537859678,556.7698870740376
-0.04705027244577742,1879.3355481192414,855.7228858052082
-0.3222904432422966,6170.160558272986,625.0244102524097
0.3289573325496975,201290834620.91632,172.83749627724603
-0.016872780289394873,35059.2000477343,473.6738570516271
-0.39540577622036643,8576.174109905198,543.801948058303
-0.3118396924334883,4405.288983154806,749.527166358571
-0.43934176930433677,32562.442163271528,402.5493252331918
0.32312389284175613,242532.01000213053,518.6273211942633
0.4212155755233815,29617.775453286893,730.3550819321418
-0.3210495588677412,28095.5449454537,471.38767013300344
0.10564196002603832,20919.286169711533,583.3266560549218
0.15604308915751663,20461.207073473754,590.6857667960744
-0.3056412195060497,77607.78440872843,398.2307552432153
-0.2770662368459492,6125692.135515952,152.8700985990666
-0.0038835890323332123,11527.686913816533,576.791336383435
0.310593164842624,36619881611.850555,133.62016582807422
-0.15380528545554406,30156.200156148512,431.3031236199974
0.3449864997543316,215816.90618512762,467.31922172437476
0.062115483455274734,22124854.740583736,226.0501706683342
0.3844724034627549,5449199591.134406,238.07577305077106
0.4725113956340552,31125266.01668011,400.960492911936
-0.38849936890394554,15736.021997895656,473.1366719215779
0.44225308099408844,33205.9508608457,681.6011302813322
-0.026075911247737893,6415.676227536392,790.8626677578482
-0.4414020876496273,31365943.838563018,167.4547862631013
0.20552319786664652,374518.45744589955,385.1300092866314
-0.34546851983749505,20373.723770926095,550.9580811746489
0.37885070597367865,159236.9681182077,621.1058249931252
0.28616314896188433,89761.25715492795,461.2760044295542
0.47739805068666874,276558.6805230554,660.4150796416442
0.48054552381979665,85360.93412730235,702.4794348805534
0.04230211790083116,3297.5052285767124,937.5362561947351
-0.11258749556277081,2187.493188075821,892.4152845199391
0.36683439104180626,94765.051701282,736.8379330427774
0.3937846668119517,559809.802408189,432.79962026853764
0.33603392687274647,766939.1934941523,398.5693006171089
0.30112645529051996,80876891.73290303,247.87170773973594
-0.2920131772634371,120047.34223964781,356.0492600899817
0.10350574069136842,35279.57463284216,480.55437849158926
-0.09661870153086694,43388.69181133422,433.5878796699675
-0.27730981933727694,3696.9998993032796,887.0655045785509
-0.2204073628350578,4850.844243351108,713.0097657390121
0.14935511653311662,5436230.750010801,276.1260884983642
-0.07790720654575944,2913.158171484931,894.214603941499
0.39659909749009026,16668.69750509,825.6080956538533
0.14406964741338069,121181.69983626613,412.6163916661497
0.3950182743336784,9116.752172494795,935.932281964913
-0.30890662922480805,8034.3193693227695,593.1203713724235
0.018852306475546365,111999.2025704399,496.9972095959434
0.10952730159948565,4201154.618451193,284.82497906693925
-0.032998201446172826,7286458.518422498,241.42131559719752
0.23937021139002201,2497016608.9637904,192.588065120442
-0.2461897158668146,4663.230619231637,728.4639689252074
0.2863207791571373,242465.60302364427,503.7462213478233
0.4484271287519912,120901.86474340314,624.422016630875
0.09596459137500069,2946052.688517338,319.0755266766548
0.14218890279661756,4565340416.683075,123.75517241891231
-0.14589875472261726,9081.187633059935,646.6725491988789
0.1935060365016099,6242.27753896766,875.0693495598663
-0.08614919370138119,136556.35567266247,400.2042975795163
0.2687163473304818,7917.243089055342,923.6966928818027
0.23538612321112284,1092378.9868850007,381.8799488977184
-0.2829312072649882,1181.146770034013,875.9363770878577
0.14676977082834375,38012960.91853159,224.65323579233575
0.06458039782471148,97293.59513140068,454.977907062236
0.3132537900602749,308981394.7598381,205.81465612708192
0.13498602262656068,29020.896031023443,452.33848461433627
-0.13324767015481875,5223.109789171853,702.4681084062182
-0.209749200972978,4817.618806376023,604.8649794530563
-0.19584095009396696,18765.859714191003,492.78128725261183
-0.0938734115928842,23836.57894905819,619.6617166932338
0.23575566935621084,415507699124.4177,145.881054856305
0.14459008175338717,23397.636888522273,587.6869646217519
0.44771967050257855,42236.01192668193,898.2330566122575
-0.4324603286803569,43385540.73191526,161.32083993360774
0.25687824590065955,979508.7055736342,369.1239772010756
0.03955841940043048,68143.75235941728,469.2640498388299
-0.032875165548501784,714396164522.0367,106.6785315877268
0.10595904199439632,3551.8258417176253,914.5096164164903
-0.2484159688717693,5940.452994070381,780.4998127759943
-0.35595469912334154,16690.272709999386,409.75678542894434
-0.05109909480996622,10606.346447627759,719.6417979083318
0.3355713598038802,2266884.5102414535,355.35184147490406
0.4506040055253824,317325682.8645514,245.70103659233192
-0.3764283164514063,917868895.5784686,117.62728367646466
0.1830470191632686,989256.8399547937,401.1648825768568
0.2028813199229742,10461.168457765361,814.684822435401
0.37998976421435415,258217.67492053853,558.1600700053052
0.07419941028197463,7042.459568581538,944.8226833536933
-0.1838381070116929,1704.5116422068393,950.4441537871339
-0.37988997353378473,4521.8858149279195,628.987288999492
-0.3276253348004978,4358.760050908466,824.6833375287283
-0.10730073712910271,3753.9577456189586,712.2296692265787
-0.4935994913616166,32774.13736565222,360.6070620653349
-0.284644583409142,57441.91981553468,371.2162603479479
0.4215651472527546,51722.25595981763,655.2938488017438
0.2129108454998243,6568.290287096488,822.4575591339143
-0.45703493424655084,123908.17375493923,235.96476086090036
0.19916194468450876,887397864.6083175,180.71677119986748
0.34242685349124535,20053.830362913697,846.2185493873409
-0.24422437441142708,6239.213955690967,517.4628758371935
-0.16861547446176528,3987816.9647740847,245.9107643593778
0.23227378377542185,744550.4331291756,368.29009014248464
0.11337921171146648,5057.077092257044,837.6506509580109
0.08007254435494116,6310.323560162072,867.6129400441712
-0.33207632587612346,1705.0413391707668,907.3835566902811
-0.14992498562487755,20114.954567108445,590.8750932399298
0.33297610881108397,1905350438.0590413,244.0556493037637
-0.2721623867383878,110142.30187223187,337.3001594660881
0.06338517831432744,22928430602635.484,111.13857115986576
0.4651451669075458,233918.69949229885,485.2983222154793
0.023003238140573257,217387.4302857024,305.3674204091011
0.19140711672351796,929854.3835431117,359.6575879171454
0.22643572292639236,15184.503286904312,903.7385442813095
0.4524646350079057,5539303.111984986,417.2991924673366
-0.1276619209248765,8129.615745761318,626.828772877135
0.2924987647179076,283077.1126578209,500.5291916096443
-0.05984027884438736,6116.290437542993,638.4084455551358
0.400487120277328,13853.773003080483,922.3117115921492
0.4114445238121688,2035795.1539341907,427.8313626319694
-0.09358611571815278,22851.24488233062,587.9522748081504
0.24402623302276716,43654036837.29105,128.46157961688974
0.15093367589460094,949028061.936802,196.75472288090327
-0.2725138510707442,12665.36876305908,504.7795151046574
0.4936944119177439,129675.79007485583,635.4630302925224
0.4110478726470802,58387.298280811156,682.3920673200063
0.09432942290545132,7580.062793515766,910.0108437996278
0.44724548941647946,18310.142104242932,491.47818868278665
-0.4540710922662754,4496.732229554613,618.7896883515951
-0.09374430892306695,252245.69017490113,307.8417791490517
0.4462298208693344,25843.459384343892,841.0284721823708
-0.1333890833815372,45566.17078839242,418.60525721828435
-0.1781428648593505,10389.52617251318,719.0311446822944
0.012595243593260363,42898.75592951457,448.60829538016486
0.3354954784419766,52977.555916166086,672.251337837026
0.1910090405448568,6733.490420966467,938.21054566973
-0.33562234910676847,4606.9590267601425,660.8211154227325
0.498429175806962,1801417.7438373135,329.39295488082996
-0.1750190802439363,275277.33551217,373.37249344351517
0.3773053727102975,145261.476808173,613.0240543141704
0.4281268948537137,5919416.702244214,342.749845192921
-0.23639624163079298,2235.5514482847298,913.519290907718
-0.3646073562847515,8352.866578687082,627.4562086554262
-0.20804412346094847,5090.770395626644,644.3496508170267
-0.295054995326284,8426.680291543365,638.3283693707114
-0.34846290695494564,19144.288052688986,490.3679171230115
0.2072112377711105,241438.3054740046,390.0594192685784
-0.4764351107818462,5311.881095646807,585.6597308462767
0.28118965598769197,11314.988688562402,931.8350564484006
-0.23226608257886405,3586.2240459979766,883.4989163826707
-0.08064160020055244,160945.2889969301,354.30449890320256
0.426708401786112,46808.2238052513,810.9928761489734
-0.42036835715074283,93253.04045785307,342.2258718179971
-0.31265604616687515,2805.775542479091,859.6712561085042
-0.26080880433321385,2879.079817099613,940.4779975310207
-0.19066635627017547,4493.164783714754,609.5532546128022
-0.384077118132383,4695795.0933285,157.73713039807083
-0.16170259658610353,4274.509087191117,716.0287126021005
-0.16762926819873636,4840.55303630089,617.819354488374
-0.41216790152830984,123320.88532583351,308.03010501664903
-0.2720690597211374,6395339.60849039,182.86317579541048
0.26585551228283866,15033.595438369453,788.0985224578552
-0.013717156782491413,8420.876690834242,601.3313655532197
0.3128762253345464,7866.552988548134,639.737926534409
-0.2437630976895261,234787.74999342416,298.6613516201854
0.18281037886559404,22392.35730016445,566.0251256627489
-0.17978110465118358,7592.683365780092,651.067100368319
-0.1428356618542317,3998356.3234539074,241.58696230588342
-0.25327579462494243,12266.054023052582,596.253714707248
-0.20237719710175028,12762.274592928035,369.11606244139546
-0.2430935218253445,112463.37980977992,336.0643185810941
0.23764556493250333,49556644.920772016,259.7197362196729
0.45248556344837443,17653.57290026818,902.268770004064
-0.052945489256709166,2951.036580946077,812.167741919359
-0.47217187517401293,2897.242505017579,752.0627301228001
-0.134070450272455,4430.649139034531,699.2770186514543
0.12399511750592984,1226.7153463799789,847.7152292408852
0.35160010776739326,393256.69718377007,504.8349786529711
0.460318820976125,4069155250.5323486,197.22841555000892
0.2874535854550325,36005.56508182586,571.7135822450889
-0.21728522413756302,6929.146418123388,621.8610436169059
0.1579089439468523,493130.6102669105,354.32985446853934
-0.10862623213527789,6738.187413065082,454.4557786917223
-0.13199834028136148,19881.975708671955,467.803506997865
0.18909986017397706,85399385870.47833,162.38884048623754
0.4883261621381616,18392306322303.867,186.37087078832474
-0.3965213843483897,2735.3746643125446,870.9386035030539
0.03693826586895288,24246.824252267015,579.6127727881183
0.280206830470927,7115579547.597573,155.08778790381896
0.10444938919156077,3514509.7432977497,246.32111670161402
-0.440373656588001,3113.9105448030755,769.2689061415881
0.49136391036084615,880441836.239076,321.9725595763458
0.27867653164667694,83343036.59300242,215.16978140879314
0.36475578008924947,3911497293366.667,158.23619587037828
-0.13674673694900663,16565.91293342674,471.4199612066638
-0.3439215804818365,5025.34290759663,625.3967272734645
0.015159786639269424,10136.001986947642,781.2746400041899
-0.49501891743514825,6150.155307695038,544.9526912413683
-0.1741755264020567,7374.838205313175,588.9352649988398
-0.025896328116326695,60401.97399482941,465.93003427397366
0.29534513307931964,21006.08307890827,869.470026067561
-0.2579143818768178,9498.610009054866,543.3925061384682
-0.43007510901118173,2622.2493335629183,836.2374343425009
0.2680297949169086,44937.60316673124,518.3792999597431
-0.09720711914444213,1265100.4371317453,232.53533264546385
0.32603750558710987,11385.685376213174,852.5106192656283
0.1108375157378304,6803.943799860674,761.2687968420264
0.4896606522215837,8369.373894275723,908.5860867406356
0.4620192818328148,64964.79427324488,733.932316110335
-0.4977705783593137,3103.6125978792875,748.9952179007804
0.22346020319634852,194738420.38165623,193.76058358222525
0.036908305996267265,1145128606.7593694,183.70672926037818
0.20237063974245995,10355864823109.69,133.8672542952122
-0.18123124481321007,48925.105289417654,418.00419373091614
0.2416046198259728,31274687079.173615,184.90935687972427
-0.02055866517449756,724258216981811.6,106.31415309347746
-0.23571524999387938,24865.718011940546,451.2598700137596
0.4758947620518562,2470494991.1749735,222.53539101799112
-0.3440788218122497,3738.41924528361,842.8155027760934
0.1717884925176444,290663.30194978486,300.32515485526744
-0.2321394812315044,1707.329104123989,957.4708755838487
0.05423747680415458,7443.554756208636,698.0642199269714
-0.44961036464743476,1644.5824502908317,831.9667462228472
-0.21902412451539044,10503.362136946827,576.4696712759985
-0.3958509800422615,2209.6811570409345,887.4574371207198
-0.2767311982364854,2616.905074227613,831.4165310250056
-0.04499768288801853,3224.8196502176615,910.2542090643636
0.174176063596563,13845682.320610862,245.33234356051952
0.31494041145402774,62749.182090711285,677.8392264710504
0.22249811844795397,65284.58048214045,479.85689551854716
-0.36034626052729524,950489.5887319875,270.13644446425656
0.17044188397509163,103732.93843574339,289.3290644977758
-0.4104811518656174,20087.98277969702,415.9973761715932
0.43551246625771844,493657.1489795887,483.2412726752167
0.12059444189298862,74105.94815483378,432.9318116311031
-0.24983673058315115,5747.00163725942,682.9192198970463
-0.05254166272527794,1019941791.6991912,150.87517909422007
0.4193635401791559,95858.59541384644,536.4725580699851
-0.06775815620533154,4380.316051380235,906.3257328201572
0.258615713551552,24589.79056399576,602.1681077723622
0.04533169257819558,91419.07990039283,365.9245144555422
0.45104587876887936,463258390.7537085,269.8764564160607
-0.21899992345902575,52783.43318302771,440.76218209523597
0.3440100734149726,9901.057869055841,815.5848506520595
0.29308675222545677,14022593.54873904,314.6067382924866
0.49756112781668427,63236.44842733679,734.0163871152678
0.4819141110505414,5315976.702051784,474.54611315116034
-0.07433527359741376,19971.149309303342,514.29687041532
-0.34732772042281135,5022.363478272934,745.2425344602902
0.4725002658161408,469013512.2424387,293.90968296817533
-0.3145900774339395,11121.308438946482,489.28771181538815
-0.3281814784864696,3885.028635458269,684.911971037752
0.07946658082755131,24190869.295776203,214.54632787554425
0.3775922151477522,49025953363.19805,179.60819736607576
0.07621377153798792,22577.263454316806,654.1298805486186
-0.4131872444866913,20881.68504642503,507.8281241623778
0.48001543616153086,19010.48470138061,755.714316208419
-0.4858258819862261,1819.2205035841682,898.5199990834511
0.030847099092971342,40012041751.10376,144.9273730354258
0.4478885348668805,285921.573561269,580.9303949258565
-0.11640430228100818,16288.765325881812,477.31120821901277
0.30176873511915925,30990.779247831902,621.875993995818
-0.1647268415805041,314173.7288110036,246.90197829467917
-0.47268434674790094,3242.5853062049755,873.4532106606454
0.3495834369039632,69851.52469555999,532.3323737861808
-0.31991838360741764,2821.8872214056514,877.8947042282232
0.4187257883658989,262300.7363828268,619.7421454688306
-0.041291479862318514,32621.55254063312,325.7948105716076
0.17425366336724024,1.6339808518979486e+16,102.38317257224273
0.18197242827983628,7810.461587580742,948.7656517792888
-0.141103325900248,2169.6316175610627,882.4864697898664
0.2975140480438493,328871.42339117546,508.6579290458609
0.25044896347482415,12529.569834440445,822.0884685684508
-0.09943174426757584,14458.164542876506,539.4225886116677
0.49851778294323335,60005.85136715918,759.8036159552769
-0.4865411589239955,13187.219498255643,458.2107035186149
-0.24095474552417806,296353.2295161227,270.15943079562555
-0.4151436743629614,2435.5008740592075,754.3805155295719
-0.18153569529124958,15883.71902555357,507.68151358733775
0.2766200190612741,772075499358844.2,116.92749343119877
0.25394137188334287,4657.413329972473,951.1008385953888
-0.24957216591207854,10957.294380649399,580.6956097800161
-0.3538484626557379,7589708468.895805,116.80375157266275
0.21385345177307646,4122.2140077916765,944.1040255139472
0.40520761977780784,83694.28026426015,630.1990064616956
-0.394648166079845,5578.34393800436,686.1856541664721
-0.4132350744150419,3898.4302262932306,640.7379485417216
-0.1508287707488114,211235.03247487772,315.55160132752985
0.004406118369353895,513388.5360147761,319.60519926383535
-0.47069287294791773,4285.6442690975955,729.351213525856
-0.05467133263141988,6090.398905759137,783.5750464918792
-0.3520037371193878,9070.42362378627,534.3844332797611
0.002247008866621325,64684.4931310561,512.3941667855931
0.3099160446476745,1568325.1354985298,339.2598620298213
-0.08430829900475889,3932.993178394909,922.0567477491122
-0.28909934841744966,483502934.6382869,150.31992685390367
0.4828317883171741,680690957751107.9,142.01124925859014
0.31373674589681433,8305.137241321485,947.6406625637127
-0.2009526383879976,5461.90077100923,745.7295641392593
0.4769572395309343,122227465.9853006,270.0421008936539
0.2012238512699438,12472.761715785266,832.6108003231438
-0.36069024937649596,2668.1783892846547,878.5227561981352
0.28919164722840984,2631022.6044401787,339.2772179872194
-0.138451395038666,48403.60689139596,433.97992320150473
-0.07572169360059167,129466.90444840716,381.24984179596504
0.4339239643301659,33424.02421372238,743.6446634142312
0.01072779612248087,11091.547885761478,535.4087280382978
-0.11302256159049617,11808.786413210652,673.0921842302803
-0.49174774530259435,5401.598856571363,588.0117281269354
-0.4767875095210441,10656.368232205838,563.160635293845
-0.32788284976903925,34553.161570538396,410.7829033748339
0.07982890345296456,32453.832829517833,651.1343522027362
-0.3864691178738242,1610.955505942667,914.603611269321
-0.335235666899241,103204.4742109487,270.3208882059514
0.4636721974786877,8315.710431675712,920.0595015530464
-0.05268238550631399,4570.275260361127,626.2868816260758
0.316744439566511,7010.312861005839,919.9606702033694
-0.11997593339213086,14448.013176520213,557.2334154113149
0.4974360072991021,164306738907226.78,162.4211680358462
-0.0307908946971045,3962.2391021784324,885.6431663536539
-0.23912730553777495,2582.165786726767,948.2415702389299
-0.1349306592146723,52238.78443104572,428.6423701414906
-0.09910571954271141,469837.7977132983,269.010300972375
-0.3537369815802177,2152.8445807405137,940.8761013591521
0.21226933661334324,10387.92564450753,744.7332611983943
-0.2258606037876867,112105.04545207572,378.66739927440534
0.36977050693544633,20035.77482414201,913.6653980683585
-0.18108731626358654,318475.77705958317,313.6562291413245
0.4939284385214576,34781.49553972865,572.080775668531
-0.2138314755025006,98515.9515818174,358.40854222260754
0.3931402769462028,63008.97743262249,774.6642453007307
-0.18914586532283706,8943.170374133013,642.8327944354699
-0.47076028094370526,2193.7924792737886,842.841154448715
-0.011680558669503571,69385467.36057603,220.46896609502556
-0.05051015843767426,1384500.5652128425,267.04533126553764
0.0635025902002554,11292.555386247488,657.245745957158
-0.4008408348412754,2965.0087473118506,926.8978129551725
0.1266512734733013,252622.01823017022,373.30538668371776
0.30427400569407137,202738.67409822578,381.36832021568756
-0.06921744140607689,47087.554352175,322.4275593787679
0.3186204984823877,21056.68208617081,675.2485643058346
0.3215970264418909,3677.9022051803067,916.2674781686015
-0.40129951462504676,191770.2124720899,255.20710817824676
-0.4122997446394875,9921.065568407254,604.8726316903744
-0.1542565347473719,3877.1490588900488,764.7691049944411
0.03140775620086822,154425491.19957608,216.02978034382446
-0.04841371929392979,18010.86971118203,537.092953149935
0.07393825923771102,4457.082766816461,791.5629438874097
-0.36493309181721745,9817491.732097996,136.12518014762549
-0.16452852726692957,21079253327.977097,113.85454657927046
-0.0480762948003175,3901.3081507821325,824.6840167639688
0.05432601002780535,7266.189744877675,873.8252558959084
-0.1968898922555442,4301091.285088799,183.61889228188426
0.3313418623712415,839608.3575404208,336.4683199496061
-0.41226057937861904,3889.955941386059,746.3972590821234
0.13240448405009897,1246459.9202586955,323.5880554170154
0.45176263926235205,3566617.5537339295,346.2907212397172
-0.3876702664238155,2595.274228781194,826.6708510486259
0.3176621425213151,2436836.6937184627,425.7773276909829
-0.36019213210108547,7458.770205572626,622.0819935134026
0.11528935625751857,6614152294.186247,149.66995175542448
-0.41687230029773104,3225.646081050969,791.513410800377
-0.2842039591854921,5809.239592929054,671.6180507452982
0.15789043834542837,153607.019213915,446.90022480247865
0.45631939345890404,13765925984.91466,228.52109349845603
-0.44040448391272613,569627.5165237782,251.69662137775498
0.09016973344917156,262802251.59059075,168.10900992288128
-0.43612067513893815,5508.587789580693,553.3445795042308
0.15224573712758693,11836254.627061244,272.97070574063855
-0.08197270565431203,1690421.6368598621,304.0496517732655
-0.3847941407621176,3064.3203039773252,753.1123212949517
-0.24553786126731836,5123.35905551133,673.2710809611658
0.44512325704122035,1822481.3265925844,392.80464570575873
-0.20094339110107917,923482409.4495487,149.65913241229345
0.2184450556219758,25208.952038916486,454.61354507538823
-0.36839401282351947,42100.92914898246,402.1182283418475
0.26987712044361045,22992.884776278315,798.848957637378
-0.35723872314040084,562478.4723031969,277.1136735808544
0.20563869343329122,48555.771926396024,519.3804560977052
0.3406955814162568,249869.02036933758,451.6713896479771
-0.013458764141554558,13247.75409362314,591.5450832395197
0.05616584244536871,14066.393181686874,740.0079133250196
-0.35924152981675916,3267.6373948337555,862.3259704564031
-0.10567017720000316,4875.717119623988,636.158951144474
-0.21831043853995324,4844.032522166274,651.6083098871903
0.4882376831619497,94232.03360478429,906.9213127246752
0.41093039705905443,11635.329635751277,831.929553210149
-0.061966133536275225,1339.3178806858455,889.0338577470209
0.08580383179719109,3304.4713346127974,826.6455511158867
0.159559595196061,5410.2427537608755,947.7033850271473
0.03788426127202993,52427.48374004373,462.25019273985737
0.0701173871783618,19809.008493658897,773.9483153236608
-0.263475389079471,24078.406143406195,501.1947661130973
0.3532155638288603,44942.83992148929,556.5005733716557
-0.244083924362675,127147345719.89732,114.08064483829226
-0.3185156224300917,453126.886608513,272.18213431429535
0.34133841981850543,374815.2052259091,443.7478935750531
-0.45985048408955675,175379741.59379345,125.32921544880094
-0.3166765891194362,375999.71411914687,311.48716767072585
0.33487154223688786,2877101524428.2734,142.5574578971968
0.2914666667680237,1776919.0530471206,323.98622029949524
-0.10250379326009174,37712.95108774779,448.6472940110477
-0.07977089929526826,3993.7691186218262,950.3533471328584
0.22330089702557254,173033.56308736786,577.435944866332
0.12816388990225602,236471.57521248792,409.1030344478038
0.46567508517953826,61337.47739503576,754.6285674213775
-0.44207733109169445,2859.922733549673,938.6051777665127
-0.26309986237034844,19073.25798961499,495.0589664753676
-0.2919034482831345,659561062.4557029,147.8103188802268
0.08175169755670653,75834.13832712326,319.01868478849997
0.44948632245855014,9316250572.646292,180.021537547263
-0.2567048058869945,13911.44756244473,473.98580551466137
-0.34068882560120006,6040.573930482638,611.0674486031182
0.31234372722462456,4077827537491.8813,124.11902424963195
0.26424848392399225,5374768.470483144,328.0344867991605
-0.4546287599940567,92202661.00285554,132.70870383802722
0.23875048981920988,15080.69692362962,676.7594619083451
-0.47347841267841795,19420.62450091264,336.0638706049402
-0.4045527542002548,3013.1406837370646,781.4204607606434
0.07858434493232902,18374.68158567209,496.9028683263518
0.4093890560585366,46996117219.3789,205.27134522270038
0.12948163962444825,3191.554050431064,800.3829000281032
0.04472062537922328,767622.3845060547,358.51299396026417
0.11100381713684371,5395.419329756322,818.441729991353
-0.003538193459213246,16048.816369968188,566.1973494147812
-0.11502056728818622,4740.846274243633,671.0858278312339
-0.2912070109157828,3613.654774817135,761.6327156690435
-0.4976856228284591,22523.8580948617,415.3037983058494
0.10905735351521428,79358.65814804594,560.925698849993
0.41967550989246516,320017.39760898217,531.7050217102123
-0.2060689156568366,3068694163645.4995,100.58150996239326
0.16887708611058205,12239.75445542619,675.8702463331233
0.04657641358186271,692924.9535241337,364.271200146175
-0.455964714632609,264135.37067710527,304.9873713181928
-0.10052684407474854,30822.45305947902,517.5109904799342
0.40126939967394204,22344419.55608213,311.66351225172605
0.21607124751831275,22218446.6099115,283.1879383784134
0.16926156016824323,15091.545838558557,771.238765660544
0.28673261782539083,30006.111290178542,730.67897473646
-0.08966821489276566,4488.170193207051,791.2264329838625
-0.10645545382566257,3123.8156562143067,774.3806267124389
-0.42738765209604357,2257499.0332787377,246.47381957195842
0.05712068087702549,6309.094817204122,837.5983619862611
-0.3652232897929647,3271.5951106058706,700.0202752133437
-0.4564677320018695,212218.4258716502,227.5333501295565
0.12323982179945103,5963.4705629694245,795.4129702829937
0.4916652095387454,741.9791193139151,843.4789840957679
-0.32081759411049915,2839.494479262886,838.1498995579396
0.3066931709475801,12154586.757944372,257.3598691353906
0.4062945177105203,116580.47969981877,493.0706611287489
-0.2065240437998328,6484.605512724045,651.8506435856688
0.38193132375622063,122004436.23459774,225.60125948816722
0.2726087785906034,15609.984991540168,750.3235540594758
-0.19652036868261968,28421003.148188423,166.6448634733893
-0.006110588134016215,2700.8230480842567,899.2824639221053
-0.09440096133624065,6520238927.037183,141.167425412546
0.0041633193344216,89695.99928993949,463.2577659140893
0.4773835873672527,37103812.54589684,323.1146516594629
0.49271874475773536,569284.5186062084,583.2170875071085
0.12178673778235083,15297.650906276906,601.9956527764057
0.22844117026471022,63728.710665279454,632.2973361700001
-0.4574530006260469,2670.9005908641666,905.0762392976523
-0.22236233980674136,2664.1748431369347,866.0560083128497
0.2807739457241356,2694634.4098252463,352.4138201178193
-0.45147418885135804,27053.49785852503,392.7923736438425
0.1300607546570539,3277.3237889246207,898.698683319069
-0.45213031212451116,1780.8931229793268,935.7203235044385
0.4369575462695461,14430.138736223766,800.4253582836618
-0.38906653321855433,2294.6302820546325,921.7436389009536
0.10130140210363547,2583159837942.162,116.7404977527312
0.3966045863583001,335863.01638784003,296.5616644901089
0.48879291909662925,1626652089.6979506,194.88095580116948
0.3848619481831077,21422038.70667673,253.01429343376182
0.34915954880595224,11262425.229847696,352.8089028853238
0.3328544666785904,15810.24547285534,831.5092589877856
0.11542452807548176,484176.41961269546,284.61820853111817
-0.40986801144516727,90601316.04926756,126.88923310818164
-0.4234365251836659,412195.85016476084,239.82674586317142
-0.25315150275553544,3322.3607025605284,676.3265037215073
-0.1063770945567124,2315.1823642334225,894.79559835616
0.061498525117115066,10166.235304332939,727.5224954452123
-0.3132680390055589,8310.909435806454,491.1475570273375
-0.08740739140620213,19882.089546346113,591.3847431153719
-0.366989993485596,10976.42449732897,443.25440427067457
-0.11124091640141509,9543.11967895317,648.8907801151305
-0.35555024232803567,126149.34229611848,387.9475497784266
-0.41469168524985556,4332.70611783432,605.7640792521569
-0.10472992335533826,5450.181222571703,693.6050092647882
-0.21691505119292664,2361.539630690655,897.464827845216
-0.26616644221459573,59606.66704239716,405.0297866612159
0.3047496646936809,2527953.571027532,325.2025298346746
0.3336878457950362,1819.5116129792796,927.5365368175508
0.4622983515362741,613829.4299015817,405.0563381784413
0.07627014194475157,8360263.939231922,262.3487796748408
0.3990295573492547,458483380.5545662,258.16136133180794
0.1619077785239088,73620914.42521134,237.26756523446312
0.3101525915403123,3960.995133314814,735.2086755655085
0.0862413578934711,203806.25622336488,286.73918412431453
0.32018453500371624,22154.66098821572,784.031322023369
0.4060444859867468,5976355.919810215,327.19345744555426
-0.23177447970466092,3637.0978024975025,815.6694856578113
0.4451269037628792,26004.544022388887,668.0017968254087
0.4034780370406621,12819.018982265772,718.5811271416144
0.36298628022304513,36815.48578164484,720.7616090551294
0.4416216141504451,3443247.9830747154,501.69650403269435
-0.13392032404280196,24335.257119545106,413.1514015060118
-0.3043180361040462,170305063016.7435,102.25008580677952
-0.29762315491314795,129862.76486552735,362.82605223995745
-0.4516712615004691,139751.5438858345,263.6078912574725
-0.4501789861289941,2494.370442430234,826.9670869069756
0.010336447860597064,2447.77701965687,951.8228727416464
0.24601078740599291,38998.7171039649,634.8346621432187
-0.2899578291847069,3065.275338950957,844.0598676330308
-0.27838015545672035,14103.78413100563,395.7896151737553
-0.2754465595462968,214954.68592002784,313.5309829283314
-0.3102376919073695,1107624.9511823922,236.2739540498397
-0.12720686079979993,72736.504510642,411.25538485992905
0.10736244064888667,17969.930248072356,563.7036636689525
0.4139060250567862,71750.76084876481,646.9912726405325
-0.18429993893002272,401481.8913558223,239.25687944740528
-0.3753972561110054,3220.3827523058317,732.4903731255935
-0.4388971373954583,19497.58663811586,405.6823400756244
0.1369468214204792,12373.267264751918,787.7109951282639
-0.4272541230011978,458973.257641606,276.018658593889
-0.3395548258937262,38985.80693569856,372.52188455576055
-0.12615524454533056,6585.242889537446,743.9018857143179
-0.12281066332736157,3252.8455685576023,895.5549180157915
-0.0765518491085817,13749.159511618704,481.96282630792354
-0.08707192383258489,2052665.821961991,286.78810118588785
0.20891716930271964,686611848.3208153,199.11351316926715
0.28980005212100224,199257103316.29715,155.62043959446333
0.4721927464753142,25450.026310649046,833.4097476902668
0.34180342494656435,235344.75023647374,254.737048804077
0.38076428668404716,418715.94153555686,392.60248879958004
0.24263862293639593,9480.949591378097,715.4192060282443
-0.28742331074235905,236540269.64348003,155.40313314037914
-0.3232034884697855,1580.3939242930358,785.7379691703078
0.4218114852540018,8399852527.078417,219.26125196005654
-0.17086805874809852,83503944.94855304,164.48466908520453
-0.2819943174372431,759207.2932977331,278.65778956072484
0.3718685483660953,58072.62025105333,504.24359921179035
-0.29667489937821623,689.8944025543647,823.7019761961706
0.4651127152335376,27731.33751417299,649.1254259260207
-0.0186996575106827,3328.9442734966246,869.6715985752802
-0.04051958656144661,2653.5008353898975,638.7759260429508
-0.1803093657313246,44694.45753438474,423.6775157416209
0.48986861284800143,20121.018202411196,870.2418514843223
-0.2438447874120795,18545.00273216437,360.52486628374123
0.15160691827091322,125857178.9099736,156.5404594804672
0.06997451895638718,48671431061.22128,138.37835789682208
-0.1944095273739027,3008.481630698429,618.4457579167781
0.3748093673789671,47686.99946379198,580.4131523525316
0.38334935824783367,1148942591923798.2,132.51789022854547
-0.40698463614125446,1973.8211731377119,886.9069341308694
0.25489374510803664,2950227322878901.5,104.48228058875644
0.3059650806658458,30505.78393982461,716.2065300756541
0.49878597734390084,190444.20342684773,781.72670765786
-0.48890032533849603,76641.37797796259,338.8744750785738
0.3682719958732541,63794.80821782588,615.1928979636245
-0.2854548176286299,1622717.9416748348,263.3891436676521
-0.06616709752807481,43845.067402512745,487.0352925826721
-0.0056249534503293175,50917.17551499698,530.3783130415671
-0.06871566040014754,3699.0019306247286,561.0277005735238
-0.33222827053887616,6252.799745407347,637.8177403228292
-0.47590316076210804,8949.851008750868,574.7803862313253
-0.2240235567086224,3286.236862397903,908.3834299261757
0.1340106730433389,1296748.1134699315,361.68059416780255
0.21637795899954948,1782289.9533309008,334.15886265147174
-0.1654377849183588,76616.1108761212,370.2072511726024
0.11997789825288374,39279.89867910913,561.6197514284452
-0.0733959067792549,29972.78274693519,509.12900928453206
0.10992706718346124,76301.16762474504,545.4093183613072
0.008961240366694656,5095.506761142776,887.2045116011515
0.2968856987082855,77695779.71766797,240.4033576027245
-0.06477096269840865,18123.509487958192,606.315996620009
-0.4346207458485968,1595.1914884174228,941.8553717071803
-0.41430803917528536,86590.4995005064,298.3654461413511
0.4721402112874036,326798206.3655689,230.86838525283724
0.24706807715695034,15579.06642210651,816.87802651273
-0.32595321329608884,24984.16555159431,482.12683179733364
-0.28138904534124476,9837.546648050236,580.0627444973807
-0.2527715184611429,35850.43673894063,494.596873815262
0.4633160949825752,4090289169.1823735,247.9541672002709
0.48379920690141875,164894470304.0104,208.85600061176342
-0.148041657776391,89978.04082314168,387.0581743847073
0.39872627194502464,31016.615144531745,823.2049682876682
0.34019043238706115,1051904.1542568905,384.1914884230514
0.020228118600392975,10172594.90556712,236.55597279580186
-0.03305890849314852,5970.103548159138,764.3714936354548
0.24487729289565352,296924775559.5217,150.7757853955202
0.4024930585668487,18173.61348681337,931.133329103549
-0.12515249352929025,115589054.83351494,198.0426992663751
0.05152000852740568,7427.794334059954,748.7305282527619
-0.12588267724797064,11744.952053443443,530.6602425621286
0.41868405608203896,1654216.787868906,411.3521583203097
0.42609966101527086,886140636.4554306,279.97063348124453
0.46101027876578926,2.436765487937082e+18,117.83930482051159
0.2977259481125891,37834.568682500205,401.45606608674757
0.23558791641203458,386373318.5244936,240.98067412741872
-0.3323605493078219,819280.4712182219,276.1963591197467
0.05894556034543674,6407.434088090798,628.962632777863
-0.4421918282210424,8001.049720296329,488.6753093759815
-0.2577497902338126,3521.7324737338145,752.0364444761665
0.010075244891987523,3791.56211905995,789.8076777558719
0.028685147475323913,5450.624573829114,955.4655503140588
0.27425075126655496,36994737271.96933,187.29272040595754
0.16321281308687063,10539.403133139198,652.186812084798
0.3035290689931739,1222538510438303.5,102.48997461718538
0.1817435660881186,18008.745844529603,676.4686824796198
-0.2927576909515398,2273.871968851294,957.9193295003514
0.06309245870661051,21960.86014522368,608.0721951787896
-0.3058058581137635,58970.36739282725,356.02540886879103
0.02415472283918474,2879.433558933586,769.3161442333482
0.01521523631371402,2823117063.3732653,160.14161593359475
-0.2422467209708835,4236.715198990639,889.6126244930381
-0.3080075117231852,1635.2011903381983,882.0102558755102
0.07651814883787866,6252455589.647656,123.92518057266338
0.2176401409905775,11048.70525509692,587.0736944804412
-0.48107110766567784,2096.9072445186753,719.3449013618007
0.20286295604989868,110294.36634253233,508.5113401254613
-0.060592148450373085,42671.057015047874,433.5323478940014
-0.35298744590524833,2977.0522049285014,848.284692317881
-0.2474505913274615,9150.742833530483,600.2263714012296
0.11577612384792224,60164.131889989294,535.2487910293427
-0.3848857581728661,16013.198588645218,484.8550356281176
0.22332162461945904,1141834.2670618386,354.85199138218724
-0.06005740580323071,44832.58298262232,543.5670210968922
-0.0856460883657143,5400.845020535538,826.7415507490674
0.42443831780878505,158527.82415355838,564.3854480386183
0.4988596350760208,228741.43283851456,610.022429166855
-0.4908327121803713,6245.590083494334,644.557395235946
0.1797892918757935,6558.730660870728,925.2694184804843
-0.3920978731275928,38352012.46606864,166.9561221766835
-0.4848313897484412,2863.8504392937652,876.2478716314308
0.39111392990517624,470722.8137548135,498.41594019344075
-0.45747634272597215,6101327.397083222,171.8412077339361
0.27136868874100517,483437.48347204895,366.23781795406194
-0.06999755946634623,96817.24181887567,354.2101456703101
0.45300208625311456,284422485245.56934,156.39344127141158
0.15979338580690372,50613239.304453775,234.10193200692083
0.3646434405173602,629085.3388038651,470.4320762191628
0.4901733170644599,86966621328.23473,194.55705002438984
-0.43030756891060284,114573.57047443322,317.51121854693037
0.054812776561720344,17465805.97112587,176.80047523942312
-0.3951794749019957,315998438.60993904,136.55677400547808
0.038345406967276174,8175.692556124403,750.8303695373472
0.4106080564174599,84421186415.86931,217.36047703858037
0.31525287304526384,31446.182617568196,391.4767651196389
-0.14185277399634,4211.06255587538,923.8303510468374
-0.4597899482107133,9237.109808162664,608.5498140626612
0.36910912270895035,73250.00764498448,572.5031929377509
0.027847721167813866,1038408328.7096936,166.81002377852047
-0.008251817782921722,7675.2790335525515,733.4050820080433
-0.2235923726106812,266133.33247405133,309.0455812006002
0.3230905282302263,20405870230.24893,192.04845208994158
-0.017145758754607887,3988.94432297436,854.3976066861698
0.11199406503902021,3597.5364173278567,933.5904477188719
0.24780257206735756,1136304199608236.8,126.98620539594256
-0.22980960509662274,87913.81825079248,355.33977104850993
0.3894976219313401,58787445203786.266,149.79746526773096
-0.4050289867406308,181314.38683116174,357.0141940837651
-0.34892175461271424,3370.2403712254186,843.9692093270519
-0.08214431877409589,817.9207313737124,760.972428324504
0.213133979199976,13867.290980486092,865.870771062206
0.43496290128995563,719776.0592982254,542.5388872891172
-0.329655718643476,1583.2371167936012,930.5243057022636
-0.00021313379640663932,44801.562219686966,380.2941152272528
0.4985241997576746,1328851.5358571156,476.272244767731
0.3927378321184195,659938.832723359,491.5248237111078
0.23607377229239113,5016.050716063817,917.9103573236661
-0.4785822548255547,62566.15476965237,258.7913865527818
-0.4922022967962868,2120.935092565032,698.8520263620605
-0.1779029314356365,12341.772446585663,575.168656302392
0.4283732551936923,5988.727226754616,820.8175265166699
0.009125376569711685,132664108038.10265,135.54116749704093
-0.41119416314779844,4168.969937896593,682.4419347523622
0.1931983263545195,8660.583388807498,422.8027135351704
0.3355426225184962,276210.59579171427,571.1136622953685
0.15109819806979596,22938.290564934174,476.7817655417524
0.322615921005451,5443258.548842171,280.8038260221049
-0.32100498146830425,67213.61797509412,342.19033569385897
0.36806949153528223,90276.47270043619,486.8740230892632
-0.27758254781155434,682686.5385343855,253.36727554247176
0.46230669053255036,10452772.283070408,317.2257345151098
0.29564366986601687,507737166468.1131,174.82046916622494
-0.2007898351076427,3058.3942477079045,744.2628289085875
0.24735323121867636,195447.7837842983,475.0338391309619
-0.12488978955036045,24258839698.838654,125.15282197924407
0.4885209987190934,116148067.51054001,359.21724735849267
-0.19113018584939567,222043.18961953127,201.6577431680776
0.054098096795570316,51198364440.7588,117.78378792261879
0.06109187072004352,2575.218470888044,914.3154019249723
0.3878119594227498,85733808030.60892,210.96865103831567
0.05020489067297429,11202.969192324112,704.1906031271371
0.25972686170890824,8346.40482588531,886.1323861372355
0.12486567278669669,407046264772.53217,131.66279961846547
-0.07432275131156874,4196411.28732696,186.4990245485992
-0.18645431939746138,1179227.6599690688,196.6681418015612
0.012140693887846776,364781540543.5026,130.14649257736872
0.36226557727478204,406303434.00546306,226.07317730463535
0.1711618466456164,52626.5988407769,600.5058755047646
0.3886551758539646,2396937977.4476357,206.1687283474472
0.30233079208109925,8886.448085712313,850.1474282575275
-0.473538102940646,1487364.9228322261,195.00673939894295
0.18964018620483736,303173695.7790342,198.39013677682803
0.0520249286950103,5044.454557317732,716.6737737377726
0.13327336814185708,3164641.9233109397,249.98647091900463
0.0915006831439289,230779217.2000765,157.7437927991888
0.28308534244204486,218911.41132770551,376.9071149190773
0.17002964308179003,445562282.14921784,163.04261937411036
-0.159296017405693,35960891.03265856,193.057749357075
-0.1545254058191743,5461.984480277073,786.6677973547272
0.010024473206555973,4300.194971746786,938.9211124893767
-0.05814747625335759,71302.30159092858,448.15693887975783
-0.2196113146762687,611873.2829643051,236.2288194292378
-0.00045810600172235816,41002.22333318123,496.9084013334111
-0.4905196932091609,3097072.5429418823,168.7219300747583
-0.07866890185650954,410309.0290043737,325.2302507118317
0.4631953912194612,43981073.28352631,323.1487599368944
-0.139285255230988,1833.0443129142952,935.8375456887533
-0.05159403154472164,3435.9644938567467,821.0291064692907
-0.19083861903947363,6105.51595524825,721.0280322870225
0.37398320655414374,24722.875865397884,604.4685665570454
-0.1593170208776834,14998.820235177816,443.00835465334256
0.27186000646920305,109195.17080371881,613.0368707793781
0.16199133286413314,6351682.054542189,284.9724367911006
-0.42389003463690667,12846.277791161354,529.8480295218701
0.4330404849156334,177438.50007868593,607.1033941430157
-0.4328885293025173,27975.192182682455,445.40699336134986
-0.32376398226376046,48737992.83420526,179.1798470400147
0.17144778950093287,32066417.006330583,151.88556059194258
-0.24676817141434382,355283.8711772248,266.0955016122084
0.16301757668536854,15650.988403765901,711.4209054712736
0.34350186725189347,238783.76024813383,570.5093184012374
-0.3051526507493857,6360.080209550472,433.22977571107765
-0.08976611579765714,13444.9941787878,724.1627722974303
-0.2367485455438607,211086.00626469275,321.3003854834484
-0.06960682567085541,6244198.7518169405,227.395408843741
0.04139524752027701,8100.2911100799765,654.4938058608001
0.2575475809161998,48176674.50495812,288.19613699005413
0.15517668699668097,11086.158422898488,830.9915836909056
0.11828483434103154,26318.538413273876,652.0146931171953
-0.265189339138473,5663.932004424357,736.6118649083386
0.07087767353242413,1334.5578695014885,928.745109164883
0.0038143681558916454,4785.917578146837,798.3503348707358
-0.079896513620074,13801.82896811546,631.2055177043574
-0.10774913725809321,2628.5833487408945,799.8835940941702
0.02638831547872411,50205.68001112757,434.5462041627039
-0.38144848741776327,14083.654966244778,555.8962405160036
0.2425549345673852,11815.208912766262,934.9088139629483
-0.4719720424314534,3384.2510150454495,646.5677810325777
-0.4787856188991878,1838.7735497151011,687.5470167302362
-0.1676735367450316,16493.782051288505,415.3419392007519
-0.41363240588129424,59333.214268621596,312.0440183222251
-0.009241812168509611,96761772431.92188,122.56555920022066
0.08008672574341213,257068.82884667552,404.36271085138355
-0.33083418294570166,30931.687538682956,401.8385408106448
0.17960811472034455,6421.118808205337,910.861974592492
0.2338781301420192,165690025.76393384,283.75033728461426
0.09217919511910933,42400.092326845726,480.22126514111574
-0.4227641194550851,3976308.689533707,187.85013254087318
-0.022181688671989774,2888.8286640217675,870.4924589970676
-0.49612122612745047,4589.113878337706,670.6989098621258
0.295671396238555,16575.582505362683,814.9207110635512
0.35043321210225953,172468615.20829722,231.34911064421036
0.39977039733085284,7468387.07395943,281.7131158611612
0.47396449457976364,2.0727384745869596e+18,111.28174343630822
0.3520546655774396,13437.118274758748,896.3469270367049
0.206343414276156,1045056988.0381292,172.21583593306164
-0.47653982111304527,28215.573722133508,278.87619413337626
0.09005786229292434,4883.577789578329,657.1048028371716
-0.13007553630376,8414.530082575184,683.0036034594395
-0.027146863111948694,379430.72681215167,374.8016606452517
0.2716834336978431,7064.405676474469,926.1672577587926
0.0898818695658733,2918645.943511935,335.3929225528246
0.4843229396169403,239559753957.2228,234.28379145467025
0.41576962124482797,579744216448.7563,185.15705248567156
0.4060848572966843,8892.629772163338,954.1982569818216
-0.03051521443416816,9882.008570824082,619.0262215277015
-0.04326925344532451,10445077939825.19,112.01215952215645
-0.18202210934698348,5183.8881755361335,762.111105392839
-0.12949590982182446,41948.21348216359,384.124258487058
-0.09806743137234164,7091.503950282834,700.4545238037725
-0.19524822558497812,3764.8141025203845,645.7682348396324
0.2185827707865069,157068002394.09814,165.42625824244527
-0.3796212659341275,9374113.97455874,211.40410117202322
0.05508680754387518,304026.39630899025,415.5407029457146
-0.02236436934098973,76109.32128885131,495.1597382930446
-0.055145347780992116,2046799.544936306,217.44258213667194
0.2171052647797156,5483.198629423451,846.3294987360136
-0.2976324494329389,249527251.58465168,151.62381999438546
0.4786688779967273,342285.73891768215,558.0701560784219
-0.39949204525617366,17850983.71383687,182.2194373797982
-0.18202837706533515,5466.628466589709,545.0973935971942
0.1277735964283856,6883.645721663819,789.338704552444
0.4786605519451794,24180.536377045777,909.830297413334
0.10903577495621175,18579.244069086708,627.6097255169743
-0.28038770583493566,79629.42363774423,396.53492279676084
-0.1699421209314086,7949535.828379613,216.38193777055827
0.13636562761971815,1069641.7777765265,320.07307520092115
-0.24318984002656419,11748.591910234443,583.6596857726945
0.3480695691689579,26712047.369058553,290.32047652591353
0.32167404913656883,73901592.91278002,292.30143516000015
-0.18150314679869473,2554.0567148781925,802.0563199670391
0.0692309819197201,11908.301632796243,796.7880131222802
-0.29016153998134553,8335.031982716948,627.9420035303307
0.18971981935942472,157202.9875904139,504.6553352158544
-0.07736931789481905,4506618592.43251,144.29787074930454
0.025040496550663316,675710219554.3212,107.77476246969603
0.40889050403821414,31188.333767279488,852.0099156221572
-0.15762221080075456,23455013.414948307,183.51091220680433
-0.14856594203521445,270448222.2804109,143.83922327651032
0.1341915642389605,19884.038498371527,646.5817954541434
0.18466346213300422,107273.7941197646,472.10282383002163
-0.30001769474923745,431431.3005075147,304.5472044985111
-0.06983209270674096,8712.784901160754,628.3716833141559
0.21353434141571292,300785.4791451343,475.8167448596202
-0.355728396445377,4056.489680034566,718.0398238891026
0.4152533206206622,15632.52964456194,750.0036341979477
0.11013580140870438,95098.72802570503,415.90519944980224
-0.3786862946946299,839411.1232038932,175.38756967185827
0.09831063568504872,38002.47307818244,463.3074005188677
-0.08426899160408907,38187.731973223315,451.8449211522219
0.47939144649471077,747745117.1351005,275.09960808028075
-0.39445958827250793,55955.72826082632,421.92540610041254
0.012600175012540515,40345.795793844336,529.5353177737475
-0.30586578037449974,4287.849652059944,658.9885248383499
0.3443264480818007,9978.865987847706,877.6770805408556
-0.018317316962213392,24454.499488681515,564.3518176739024
-0.004857004014456545,842223.9420253951,250.47516060300404
-0.4546256502479322,2771.5723605870758,897.5008577952105
-0.45373917881352976,145996.26988367352,268.03980285107747
0.26793018341472075,32732.094401490678,689.1204588152237
-0.4363730932522977,12389.017822063002,519.2190823264503
0.3635857152554297,9790483.689430263,251.724208951849
-0.48128651479723117,18848.646554618488,469.7776889663231
-0.3902301068295132,2852.7537039445883,854.4410505360956
-0.28635334747674235,3076.3382548040922,904.5995742661089
-0.16337499059318128,6642883.3470881125,229.04190904550984
-0.3179222573970043,3203.389957184101,910.227949793016
0.281280149061112,22817.359222752737,775.248817781686
0.11313911699131074,22290.08074766594,707.0146555612351
-0.0058068429879809536,275815529.9666495,208.88899692548654
0.05189948659618149,498354.19173021277,261.10866818169063
0.3188429184286615,1327111572.1331737,149.08080956592283
0.0915636020378976,6647.432032631927,522.2484956003502
0.4158670673201461,3265277851.1660748,215.9136315800278
-0.051854498918961434,408078.4154504046,325.06525105437447
0.40329208017330154,24158.336901731112,796.5401318766756
-0.34765928766540977,37609479.07950555,145.13697161910412
-0.06092672495308338,7631.308238931783,784.176293969309
-0.26809125471536077,74457.25983820482,414.65132447586114
0.29523325447039406,46937.544023627655,680.8599191563586
-0.12171919211301108,70008500324.28844,134.91905332115465
0.2751756265210268,24365.896938499336,660.0867412003466
-0.3245508888079158,9022.109053778035,610.8987785270416
0.44232507265113774,35448.59488044195,902.364693918596
0.32464819951974166,2944.4882961406315,876.063772042143
0.2304819545854493,1.5101735061991072e+16,107.82720424348655
0.1459568622022961,7351.8292631258255,689.9359793887094
-0.30243987008269313,2369.062702169338,794.7429619196597
0.017957442038236904,24650.73068870111,589.3392867000287
0.23442637910535546,21792251848.54667,196.37571895923338
-0.3086255786621781,4996.461829863639,656.2862121446773
0.3565426296399642,42720.35938643229,731.8087425844625
0.39838940485916985,2729636.1609434756,448.877018896147
-0.09107164797754919,8303.827820608072,547.7480194535649
-0.08021813878198902,7738591.659091599,202.86026105793576
0.37031853928015945,716919666802150.5,135.48386146908194
-0.052128637538122136,506804.6925883224,256.5820499418217
0.4562561711358558,195822.81137242308,530.4783791890873
-0.10458798175137107,5025.508606165178,776.9163164510954
-0.08767898804067187,1814.2165275541106,909.8020219441729
-0.056840686960940134,750319.408826261,281.7123655390426
-0.4276715535335064,1886.9781107323229,892.8359571393231
0.17887909900794352,990687.086377186,372.18064985280756
0.21694841397683529,29633.232732602588,673.0510001047969
-0.4818046689366243,8666.106707102896,567.7791287500456
-0.14894120691727042,16748111.778984519,211.67869582516948
-0.49693868702752275,5830.252488501109,667.7533343037687
-0.0452001009486076,7125.031906453174,717.9699532352579
-0.027124435205235775,17357.361268837,545.4488197352629
0.2787414038112007,936264.4227065915,417.5293980229231
-0.21404902546867188,13250.967970425623,549.4784628949072
-0.4175769590040135,4129.169155415085,639.8425292083078
-0.373403103224473,31683.116359203603,400.93915817327087
0.46519263478977646,80809.97551389977,714.5825496278229
0.40760658073520273,221771.77917651756,611.2476967840114
0.3662313156905411,9589.11717508213,925.4072980543293
0.36343796477508783,15580.789152064683,850.2772494581975
0.10179701870543467,3257.7106483283983,859.5385846850256
-0.4050540201404319,12944.393856207593,551.6643447973158
-0.07599885288750174,996762.7992630887,296.4414472412245
-0.3500039300875274,8827.939327638449,503.091930345534
0.13488617511404177,22862.075897020928,662.5862702700088
-0.032592383235705236,4200.38948223116,847.4605848634485
-0.3450307436734258,6016.250388134246,631.4013050986703
0.04730036171974383,12488.220231191277,684.5488403683419
0.3763491904048537,39816.46963983245,475.58056255901033
-0.1803001343407329,39893.31547999526,419.6003715156762
0.15074564450292116,9010.954505469132,802.8612524416735
-0.07558288967007964,20664.281065346786,639.1739577772232
0.3426884562276393,27810.336844257403,819.1182004966703
-0.08002003859759077,110693.31666810608,391.1035379963204
-0.10234253615316802,5756.523467940614,712.7026560981369
-0.16429530474764398,1201.47169755772,801.8677753522586
-0.16245130570080357,10801.158427421999,477.6175580128494
0.05324345947784592,4219.876801477053,868.9962841986322
0.43299992525953157,14357.567104759077,756.3145588460033
-0.1082678942911448,98881.78629922136,422.03969040994997
-0.15033316350606796,143487663928.39066,112.76194919643387
0.49320045179055305,76427256.65040496,306.500058347058
0.20656241105677464,53062.48904508181,509.8434972958914
-0.2531858342087189,2025.8227698308428,746.0578014703852
0.20483880290986267,104432268.17011863,211.12600777960145
-0.27976130838096935,111991.59950673504,372.1100003327521
0.39223950073811853,38880.16249206284,773.3359991609707
-0.04885345643855221,2945249.091637153,246.70406145665316
0.12610641997942418,7869.50641029767,693.3724778599022
0.26252442637870543,30928.063374681686,748.5284093106135
-0.4749442110272508,4759758.090316193,182.67342540451722
-0.4366178339066792,31149.56832702336,328.83988276787
0.2862174312986113,61546.55204337663,683.2171424409107
0.2586327700797284,1247649.5101561674,409.7933436966566
-0.2971043290608212,179527.51427193478,277.3189149274799
-0.4371250973509381,16075.210911961114,466.86442789614046
-0.2687172892965999,298511.96481392253,297.1159525948318
0.16894908930042363,30730.946794262403,666.2123805853543
0.075914337482897,2126118.309979617,235.73249838178262
-0.13032338787185138,66019.87133159686,362.50777260243933
0.3782801192260342,64188.34494974662,679.8773231764715
0.17569567425181054,183002.06569764132,479.91048162885824
0.16778719274731824,41580933.29501827,254.26783351221886
-0.12651184943561888,3074.4244900685026,941.1694716128244
0.4679217052940816,306599.5517280255,678.4750520554941
-0.25986161352831283,2143.6049650959767,953.340724258075
0.3189612963107028,16252.36940193872,759.9337216881195
0.0864542637544854,5097.069380207603,941.2787620229404
-0.38561514198681035,39685.21902853822,416.73962800413796
-0.4067976782575887,3741.7080401074786,807.9030436486322
0.4044700620347197,18943916413.197754,233.26249202547194
-0.3162537542048759,16585.627437602965,387.0624816771024
0.29035662189290146,238050096.102297,225.10040673289882
-0.18748173543447044,1978.1934849335644,938.9185552467711
0.44933177057386864,55638.43452594495,616.2477657140681
0.48169686647206644,433398.21530228364,522.9030477612429
-0.04102188231406667,72807.12082364164,349.2661141825925
0.4800118335035496,342834.12524787924,596.1766894772537
0.4332233253438853,23144.9364699183,925.3343789027545
-0.40531629712181094,17051.25281174365,545.338220376218
0.019410139330196863,20945.642173661698,517.346239516974
-0.07338334132092761,5463722680.0345125,135.18264460969746
0.23827130115928996,65695.58547501544,583.1938006495095
0.31407497507021365,18138.691706490772,533.5361002626087
0.2691949320498459,422287.06738751,391.9742636229581
0.4294709497506186,346349459184402.7,109.90038549130377
-0.24331818694971685,3293.5113365682155,921.43875939077
0.1760477431521047,3545.04655282377,771.2930883527372
0.20782991019322727,1722697.8699583814,302.64650649157886
0.43961351021335426,56628.387196450734,687.1534118029272
0.3100988990345471,2218680.4592185607,273.2345126568265
0.0763665544104718,171928.3015056666,413.83964060063715
0.4516771357824003,44444.631808481725,837.8653966953152
-0.4245700104783471,5431.246335303571,559.028490802014
-0.43883181354106615,3438.748575553844,613.3107007829735
-0.4305034685215733,2252.355980852309,881.5817174790614
0.22394288826984132,38796.21297645702,705.323246431602
0.015560198783932222,4743.162085712145,800.0740246263113
-0.3112546959058874,190895.64247316902,259.0811235381236
-0.45158382214028436,2889.149428879559,873.4655848827969
0.464880408684357,44439.24103959355,456.98764330908233
-0.43948804980170086,6453.495499965384,605.4338132077625
-0.40411815953933516,6111.764560278641,630.9643038293474
-0.22675150718209036,4211.599890511393,859.5363014329214
-0.4058072500206057,130311.65880732515,308.16835290526575
0.14025360872152892,24537.826471951128,753.8006667996136
-0.28462816911417466,5411.921701394098,683.8882578927512
-0.0011427536503768598,3262885.415100129,300.019721324829
0.11442441486067234,3724.142663499877,879.9629467746325
0.3200532665401421,935181.8360486217,401.02854014160465
-0.21674666954722643,6830.233697927708,664.1478045615047
0.2626745825911625,62430.757471421086,643.1132901175082
0.3541340889839214,143533858.4764132,313.1235366783669
-0.22226282778255513,2360.6308150460695,703.5390851672041
0.3090431909860434,5108.569844057561,870.0595029997071
0.13170165823318847,27518.835584163884,636.098136216357
-0.3630430158438437,16659.605751728803,485.42193719202953
-0.3087814354983385,3673.3485670478613,798.806229219048
-0.06940174544515854,128480633713.2187,113.09330464353593
-0.4417731524682741,3560.3842063258876,731.3191490042876
-0.33404251959038533,3169.514418244699,805.7430557583342
0.2519035951058656,82751180.89351276,273.0657022873953
